-- phpMyAdmin SQL Dump
-- version 5.2.0
-- https://www.phpmyadmin.net/
--
-- Хост: 127.0.0.1
-- Время создания: Фев 09 2023 г., 22:37
-- Версия сервера: 10.4.27-MariaDB
-- Версия PHP: 8.2.0

SET SQL_MODE = "NO_AUTO_VALUE_ON_ZERO";
START TRANSACTION;
SET time_zone = "+00:00";


/*!40101 SET @OLD_CHARACTER_SET_CLIENT=@@CHARACTER_SET_CLIENT */;
/*!40101 SET @OLD_CHARACTER_SET_RESULTS=@@CHARACTER_SET_RESULTS */;
/*!40101 SET @OLD_COLLATION_CONNECTION=@@COLLATION_CONNECTION */;
/*!40101 SET NAMES utf8mb4 */;

--
-- База данных: `souvenirs`
--

-- --------------------------------------------------------

--
-- Структура таблицы `countries`
--

CREATE TABLE `countries` (
  `id` bigint(20) NOT NULL,
  `name` varchar(255) DEFAULT NULL,
  `code` varchar(255) DEFAULT NULL,
  `alias` varchar(255) NOT NULL,
  `lat` decimal(20,17) DEFAULT NULL,
  `lng` decimal(20,17) DEFAULT NULL
) ENGINE=InnoDB DEFAULT CHARSET=utf8 COLLATE=utf8_general_ci ROW_FORMAT=DYNAMIC;

--
-- Дамп данных таблицы `countries`
--

INSERT INTO `countries` (`id`, `name`, `code`, `alias`, `lat`, `lng`) VALUES
(1, 'Andorra', 'AD', '', '42.50000000000000000', '1.50000000000000000'),
(2, 'United Arab Emirates', 'AE', '', '24.00000000000000000', '54.00000000000000000'),
(3, 'Afghanistan', 'AF', '', '33.00000000000000000', '65.00000000000000000'),
(4, 'Antigua and Barbuda', 'AG', '', '17.05000000000000000', '-61.80000000000000000'),
(5, 'Anguilla', 'AI', '', '18.25000000000000000', '-63.17000000000000000'),
(6, 'Albania', 'AL', '', '41.00000000000000000', '20.00000000000000000'),
(7, 'Armenia', 'AM', '', '40.00000000000000000', '45.00000000000000000'),
(8, 'Netherlands Antilles', 'AN', '', '12.25000000000000000', '-68.75000000000000000'),
(9, 'Angola', 'AO', '', '-12.50000000000000000', '18.50000000000000000'),
(10, 'Asia/Pacific Region', 'AP', '', '35.00000000000000000', '105.00000000000000000'),
(11, 'Antarctica', 'AQ', '', '-90.00000000000000000', '0.00000000000000000'),
(12, 'Argentina', 'AR', '', '-34.00000000000000000', '-64.00000000000000000'),
(13, 'American Samoa', 'AS', '', '-14.33000000000000000', '-170.00000000000000000'),
(14, 'Austria', 'AT', '', '47.33000000000000000', '13.33000000000000000'),
(15, 'Australia', 'AU', '', '-27.00000000000000000', '133.00000000000000000'),
(16, 'Aruba', 'AW', '', '12.50000000000000000', '-69.97000000000000000'),
(17, 'Azerbaijan', 'AZ', '', '40.50000000000000000', '47.50000000000000000'),
(18, 'Bosnia and Herzegovina', 'BA', '', '44.00000000000000000', '18.00000000000000000'),
(19, 'Barbados', 'BB', '', '13.17000000000000000', '-59.53000000000000000'),
(20, 'Bangladesh', 'BD', '', '24.00000000000000000', '90.00000000000000000'),
(21, 'Belgium', 'BE', '', '50.83000000000000000', '4.00000000000000000'),
(22, 'Burkina Faso', 'BF', '', '13.00000000000000000', '-2.00000000000000000'),
(23, 'Bulgaria', 'BG', '', '43.00000000000000000', '25.00000000000000000'),
(24, 'Bahrain', 'BH', '', '26.00000000000000000', '50.55000000000000000'),
(25, 'Burundi', 'BI', '', '-3.50000000000000000', '30.00000000000000000'),
(26, 'Benin', 'BJ', '', '9.50000000000000000', '2.25000000000000000'),
(27, 'Bermuda', 'BM', '', '32.33000000000000000', '-64.75000000000000000'),
(28, 'Brunei Darussalam', 'BN', '', '4.50000000000000000', '114.67000000000000000'),
(29, 'Bolivia', 'BO', '', '-17.00000000000000000', '-65.00000000000000000'),
(30, 'Brazil', 'BR', '', '-10.00000000000000000', '-55.00000000000000000'),
(31, 'Bahamas', 'BS', '', '24.25000000000000000', '-76.00000000000000000'),
(32, 'Bhutan', 'BT', '', '27.50000000000000000', '90.50000000000000000'),
(33, 'Bouvet Island', 'BV', '', '-54.43000000000000000', '3.40000000000000000'),
(34, 'Botswana', 'BW', '', '-22.00000000000000000', '24.00000000000000000'),
(35, 'Belarus', 'BY', '', '53.00000000000000000', '28.00000000000000000'),
(36, 'Belize', 'BZ', '', '17.25000000000000000', '-88.75000000000000000'),
(37, 'Canada', 'CA', '', '60.00000000000000000', '-95.00000000000000000'),
(39, 'Congo', 'CD', '', '0.00000000000000000', '25.00000000000000000'),
(40, 'Central African Republic', 'CF', '', '7.00000000000000000', '21.00000000000000000'),
(41, 'Congo', 'CG', '', '-1.00000000000000000', '15.00000000000000000'),
(42, 'Switzerland', 'CH', '', '47.00000000000000000', '8.00000000000000000'),
(43, 'Cote D\'Ivoire', 'CI', '', '8.00000000000000000', '-5.00000000000000000'),
(44, 'Cook Islands', 'CK', '', '-21.23000000000000000', '-159.77000000000000000'),
(45, 'Chile', 'CL', '', '-30.00000000000000000', '-71.00000000000000000'),
(46, 'Cameroon', 'CM', '', '6.00000000000000000', '12.00000000000000000'),
(47, 'China', 'CN', '', '35.00000000000000000', '105.00000000000000000'),
(48, 'Colombia', 'CO', '', '4.00000000000000000', '-72.00000000000000000'),
(49, 'Costa Rica', 'CR', '', '10.00000000000000000', '-84.00000000000000000'),
(50, 'Cuba', 'CU', '', '21.50000000000000000', '-80.00000000000000000'),
(51, 'Cape Verde', 'CV', '', '16.00000000000000000', '-24.00000000000000000'),
(53, 'Cyprus', 'CY', '', '35.00000000000000000', '33.00000000000000000'),
(54, 'Czech Republic', 'CZ', '', '49.75000000000000000', '15.50000000000000000'),
(55, 'Germany', 'DE', '', '51.00000000000000000', '9.00000000000000000'),
(56, 'Djibouti', 'DJ', '', '11.50000000000000000', '43.00000000000000000'),
(57, 'Denmark', 'DK', '', '56.00000000000000000', '10.00000000000000000'),
(58, 'Dominica', 'DM', '', '15.42000000000000000', '-61.33000000000000000'),
(59, 'Dominican Republic', 'DO', '', '19.00000000000000000', '-70.67000000000000000'),
(60, 'Algeria', 'DZ', '', '28.00000000000000000', '3.00000000000000000'),
(61, 'Ecuador', 'EC', '', '-2.00000000000000000', '-77.50000000000000000'),
(62, 'Estonia', 'EE', '', '59.00000000000000000', '26.00000000000000000'),
(63, 'Egypt', 'EG', '', '27.00000000000000000', '30.00000000000000000'),
(65, 'Eritrea', 'ER', '', '15.00000000000000000', '39.00000000000000000'),
(66, 'Spain', 'ES', '', '40.00000000000000000', '-4.00000000000000000'),
(67, 'Ethiopia', 'ET', '', '8.00000000000000000', '38.00000000000000000'),
(68, 'Europe', 'EU', '', '47.00000000000000000', '8.00000000000000000'),
(69, 'Finland', 'FI', '', '64.00000000000000000', '26.00000000000000000'),
(70, 'Fiji', 'FJ', '', '-18.00000000000000000', '175.00000000000000000'),
(71, 'Falkland Islands (Malvinas)', 'FK', '', '-51.75000000000000000', '-59.00000000000000000'),
(72, 'Micronesia', 'FM', '', '6.92000000000000000', '158.25000000000000000'),
(73, 'Faroe Islands', 'FO', '', '62.00000000000000000', '-7.00000000000000000'),
(74, 'France', 'FR', '', '46.00000000000000000', '2.00000000000000000'),
(75, 'Gabon', 'GA', '', '-1.00000000000000000', '11.75000000000000000'),
(76, 'United Kingdom', 'GB', '', '54.00000000000000000', '-2.00000000000000000'),
(77, 'Grenada', 'GD', '', '12.12000000000000000', '-61.67000000000000000'),
(78, 'Georgia', 'GE', '', '42.00000000000000000', '43.50000000000000000'),
(79, 'French Guiana', 'GF', '', '4.00000000000000000', '-53.00000000000000000'),
(80, 'Ghana', 'GH', '', '8.00000000000000000', '-2.00000000000000000'),
(81, 'Gibraltar', 'GI', '', '36.18000000000000000', '-5.37000000000000000'),
(82, 'Greenland', 'GL', '', '72.00000000000000000', '-40.00000000000000000'),
(83, 'Gambia', 'GM', '', '13.47000000000000000', '-16.57000000000000000'),
(84, 'Guinea', 'GN', '', '11.00000000000000000', '-10.00000000000000000'),
(85, 'Guadeloupe', 'GP', '', '16.25000000000000000', '-61.58000000000000000'),
(86, 'Equatorial Guinea', 'GQ', '', '2.00000000000000000', '10.00000000000000000'),
(87, 'Greece', 'GR', '', '39.00000000000000000', '22.00000000000000000'),
(89, 'Guatemala', 'GT', '', '15.50000000000000000', '-90.25000000000000000'),
(90, 'Guam', 'GU', '', '13.47000000000000000', '144.78000000000000000'),
(91, 'Guinea-Bissau', 'GW', '', '12.00000000000000000', '-15.00000000000000000'),
(92, 'Guyana', 'GY', '', '5.00000000000000000', '-59.00000000000000000'),
(93, 'Hong Kong', 'HK', '', '22.25000000000000000', '114.17000000000000000'),
(94, 'Heard Island and McDonald Islands', 'HM', '', '-53.10000000000000000', '72.52000000000000000'),
(95, 'Honduras', 'HN', '', '15.00000000000000000', '-86.50000000000000000'),
(96, 'Croatia', 'HR', '', '45.17000000000000000', '15.50000000000000000'),
(97, 'Haiti', 'HT', '', '19.00000000000000000', '-72.42000000000000000'),
(98, 'Hungary', 'HU', '', '47.00000000000000000', '20.00000000000000000'),
(99, 'Indonesia', 'ID', '', '-5.00000000000000000', '120.00000000000000000'),
(100, 'Ireland', 'IE', '', '53.00000000000000000', '-8.00000000000000000'),
(101, 'Israel', 'IL', '', '31.50000000000000000', '34.75000000000000000'),
(102, 'India', 'IN', '', '20.00000000000000000', '77.00000000000000000'),
(103, 'British Indian Ocean Territory', 'IO', '', '-6.00000000000000000', '71.50000000000000000'),
(104, 'Iraq', 'IQ', '', '33.00000000000000000', '44.00000000000000000'),
(105, 'Iran', 'IR', '', '32.00000000000000000', '53.00000000000000000'),
(106, 'Iceland', 'IS', '', '65.00000000000000000', '-18.00000000000000000'),
(107, 'Italy', 'IT', '', '42.83000000000000000', '12.83000000000000000'),
(108, 'Jamaica', 'JM', '', '18.25000000000000000', '-77.50000000000000000'),
(109, 'Jordan', 'JO', '', '31.00000000000000000', '36.00000000000000000'),
(110, 'Japan', 'JP', '', '36.00000000000000000', '138.00000000000000000'),
(111, 'Kenya', 'KE', '', '1.00000000000000000', '38.00000000000000000'),
(112, 'Kyrgyzstan', 'KG', '', '41.00000000000000000', '75.00000000000000000'),
(113, 'Cambodia', 'KH', '', '13.00000000000000000', '105.00000000000000000'),
(114, 'Kiribati', 'KI', '', '1.42000000000000000', '173.00000000000000000'),
(115, 'Comoros', 'KM', '', '-12.17000000000000000', '44.25000000000000000'),
(116, 'Saint Kitts and Nevis', 'KN', '', '17.33000000000000000', '-62.75000000000000000'),
(117, 'Kore', 'KP', '', '40.00000000000000000', '127.00000000000000000'),
(118, 'Korea', 'KR', '', '37.00000000000000000', '127.50000000000000000'),
(119, 'Kuwait', 'KW', '', '29.34000000000000000', '47.66000000000000000'),
(120, 'Cayman Islands', 'KY', '', '19.50000000000000000', '-80.50000000000000000'),
(121, 'Kazakstan', 'KZ', '', '48.00000000000000000', '68.00000000000000000'),
(122, 'Lao People\'s Democratic Republic', 'LA', '', '18.00000000000000000', '105.00000000000000000'),
(123, 'Lebanon', 'LB', '', '33.83000000000000000', '35.83000000000000000'),
(124, 'Saint Lucia', 'LC', '', '13.88000000000000000', '-61.13000000000000000'),
(125, 'Liechtenstein', 'LI', '', '47.17000000000000000', '9.52999999999999900'),
(126, 'Sri Lanka', 'LK', '', '7.00000000000000000', '81.00000000000000000'),
(127, 'Liberia', 'LR', '', '6.50000000000000000', '-9.50000000000000000'),
(128, 'Lesotho', 'LS', '', '-29.50000000000000000', '28.50000000000000000'),
(129, 'Lithuania', 'LT', '', '56.00000000000000000', '24.00000000000000000'),
(130, 'Luxembourg', 'LU', '', '49.75000000000000000', '6.17000000000000000'),
(131, 'Latvia', 'LV', '', '57.00000000000000000', '25.00000000000000000'),
(132, 'Libyan Arab Jamahiriya', 'LY', '', '25.00000000000000000', '17.00000000000000000'),
(133, 'Morocco', 'MA', '', '32.00000000000000000', '-5.00000000000000000'),
(134, 'Monaco', 'MC', '', '43.73000000000000000', '7.40000000000000000'),
(135, 'Moldova', 'MD', '', '47.00000000000000000', '29.00000000000000000'),
(136, 'Montenegro', 'ME', '', '42.00000000000000000', '19.00000000000000000'),
(137, 'Madagascar', 'MG', '', '-20.00000000000000000', '47.00000000000000000'),
(138, 'Marshall Islands', 'MH', '', '9.00000000000000000', '168.00000000000000000'),
(139, 'Macedonia', 'MK', '', '41.83000000000000000', '22.00000000000000000'),
(140, 'Mali', 'ML', '', '17.00000000000000000', '-4.00000000000000000'),
(141, 'Myanmar', 'MM', '', '22.00000000000000000', '98.00000000000000000'),
(142, 'Mongolia', 'MN', '', '46.00000000000000000', '105.00000000000000000'),
(143, 'Macau', 'MO', '', '22.17000000000000000', '113.55000000000000000'),
(144, 'Northern Mariana Islands', 'MP', '', '15.20000000000000000', '145.75000000000000000'),
(145, 'Martinique', 'MQ', '', '14.67000000000000000', '-61.00000000000000000'),
(146, 'Mauritania', 'MR', '', '20.00000000000000000', '-12.00000000000000000'),
(147, 'Montserrat', 'MS', '', '16.75000000000000000', '-62.20000000000000000'),
(148, 'Malta', 'MT', '', '35.83000000000000000', '14.58000000000000000'),
(149, 'Mauritius', 'MU', '', '-20.28000000000000000', '57.55000000000000000'),
(150, 'Maldives', 'MV', '', '3.25000000000000000', '73.00000000000000000'),
(151, 'Malawi', 'MW', '', '-13.50000000000000000', '34.00000000000000000'),
(152, 'Mexico', 'MX', '', '23.00000000000000000', '-102.00000000000000000'),
(153, 'Malaysia', 'MY', '', '2.50000000000000000', '112.50000000000000000'),
(154, 'Mozambique', 'MZ', '', '-18.25000000000000000', '35.00000000000000000'),
(155, 'Namibia', 'NA', '', '-22.00000000000000000', '17.00000000000000000'),
(156, 'New Caledonia', 'NC', '', '-21.50000000000000000', '165.50000000000000000'),
(157, 'Niger', 'NE', '', '16.00000000000000000', '8.00000000000000000'),
(158, 'Norfolk Island', 'NF', '', '-29.03000000000000000', '167.95000000000000000'),
(159, 'Nigeria', 'NG', '', '10.00000000000000000', '8.00000000000000000'),
(160, 'Nicaragua', 'NI', '', '13.00000000000000000', '-85.00000000000000000'),
(161, 'Netherlands', 'NL', '', '52.50000000000000000', '5.75000000000000000'),
(162, 'Norway', 'NO', '', '62.00000000000000000', '10.00000000000000000'),
(163, 'Nepal', 'NP', '', '28.00000000000000000', '84.00000000000000000'),
(164, 'Nauru', 'NR', '', '-0.53000000000000000', '166.92000000000000000'),
(165, 'Niue', 'NU', '', '-19.03000000000000000', '-169.87000000000000000'),
(166, 'New Zealand', 'NZ', '', '-41.00000000000000000', '174.00000000000000000'),
(167, 'Oman', 'OM', '', '21.00000000000000000', '57.00000000000000000'),
(168, 'Panama', 'PA', '', '9.00000000000000000', '-80.00000000000000000'),
(169, 'Peru', 'PE', '', '-10.00000000000000000', '-76.00000000000000000'),
(170, 'French Polynesia', 'PF', '', '-15.00000000000000000', '-140.00000000000000000'),
(171, 'Papua New Guinea', 'PG', '', '-6.00000000000000000', '147.00000000000000000'),
(172, 'Philippines', 'PH', '', '13.00000000000000000', '122.00000000000000000'),
(173, 'Pakistan', 'PK', '', '30.00000000000000000', '70.00000000000000000'),
(174, 'Poland', 'PL', '', '52.00000000000000000', '20.00000000000000000'),
(175, 'Saint Pierre and Miquelon', 'PM', '', '46.83000000000000000', '-56.33000000000000000'),
(176, 'Puerto Rico', 'PR', '', '18.25000000000000000', '-66.50000000000000000'),
(177, 'Palestinian Territory', 'PS', '', '32.00000000000000000', '35.25000000000000000'),
(178, 'Portugal', 'PT', '', '39.50000000000000000', '-8.00000000000000000'),
(179, 'Palau', 'PW', '', '7.50000000000000000', '134.50000000000000000'),
(180, 'Paraguay', 'PY', '', '-23.00000000000000000', '-58.00000000000000000'),
(181, 'Qatar', 'QA', '', '25.50000000000000000', '51.25000000000000000'),
(182, 'Reunion', 'RE', '', '-21.10000000000000000', '55.60000000000000000'),
(183, 'Romania', 'RO', '', '46.00000000000000000', '25.00000000000000000'),
(184, 'Serbia', 'RS', '', '44.00000000000000000', '21.00000000000000000'),
(185, 'Russian Federation', 'RU', '', '60.00000000000000000', '100.00000000000000000'),
(186, 'Rwanda', 'RW', '', '-2.00000000000000000', '30.00000000000000000'),
(187, 'Saudi Arabia', 'SA', '', '25.00000000000000000', '45.00000000000000000'),
(188, 'Solomon Islands', 'SB', '', '-8.00000000000000000', '159.00000000000000000'),
(189, 'Seychelles', 'SC', '', '-4.58000000000000000', '55.67000000000000000'),
(190, 'Sudan', 'SD', '', '15.00000000000000000', '30.00000000000000000'),
(191, 'Sweden', 'SE', '', '62.00000000000000000', '15.00000000000000000'),
(192, 'Singapore', 'SG', '', '1.37000000000000000', '103.80000000000000000'),
(194, 'Slovenia', 'SI', '', '46.00000000000000000', '15.00000000000000000'),
(196, 'Slovakia', 'SK', '', '48.67000000000000000', '19.50000000000000000'),
(197, 'Sierra Leone', 'SL', '', '8.50000000000000000', '-11.50000000000000000'),
(198, 'San Marino', 'SM', '', '43.77000000000000000', '12.42000000000000000'),
(199, 'Senegal', 'SN', '', '14.00000000000000000', '-14.00000000000000000'),
(200, 'Somalia', 'SO', '', '10.00000000000000000', '49.00000000000000000'),
(201, 'Suriname', 'SR', '', '4.00000000000000000', '-56.00000000000000000'),
(202, 'Sao Tome and Principe', 'ST', '', '1.00000000000000000', '7.00000000000000000'),
(203, 'El Salvador', 'SV', '', '13.83000000000000000', '-88.92000000000000000'),
(204, 'Syrian Arab Republic', 'SY', '', '35.00000000000000000', '38.00000000000000000'),
(205, 'Swaziland', 'SZ', '', '-26.50000000000000000', '31.50000000000000000'),
(206, 'Turks and Caicos Islands', 'TC', '', '21.75000000000000000', '-71.58000000000000000'),
(207, 'Chad', 'TD', '', '15.00000000000000000', '19.00000000000000000'),
(209, 'Togo', 'TG', '', '8.00000000000000000', '1.17000000000000000'),
(210, 'Thailand', 'TH', '', '15.00000000000000000', '100.00000000000000000'),
(211, 'Tajikistan', 'TJ', '', '39.00000000000000000', '71.00000000000000000'),
(212, 'Tokelau', 'TK', '', '-9.00000000000000000', '-172.00000000000000000'),
(213, 'Turkmenistan', 'TM', '', '40.00000000000000000', '60.00000000000000000'),
(214, 'Tunisia', 'TN', '', '34.00000000000000000', '9.00000000000000000'),
(215, 'Tonga', 'TO', '', '-20.00000000000000000', '-175.00000000000000000'),
(216, 'Turkey', 'TR', '', '39.00000000000000000', '35.00000000000000000'),
(217, 'Trinidad and Tobago', 'TT', '', '11.00000000000000000', '-61.00000000000000000'),
(218, 'Tuvalu', 'TV', '', '-8.00000000000000000', '178.00000000000000000'),
(219, 'Taiwan', 'TW', '', '23.50000000000000000', '121.00000000000000000'),
(220, 'Tanzania', 'TZ', '', '-6.00000000000000000', '35.00000000000000000'),
(221, 'Ukraine', 'UA', '', '49.00000000000000000', '32.00000000000000000'),
(222, 'Uganda', 'UG', '', '1.00000000000000000', '32.00000000000000000'),
(223, 'United States Minor Outlying Islands', 'UM', '', '19.28000000000000000', '166.60000000000000000'),
(224, 'United States', 'US', '', '38.00000000000000000', '-97.00000000000000000'),
(225, 'Uruguay', 'UY', '', '-33.00000000000000000', '-56.00000000000000000'),
(226, 'Uzbekistan', 'UZ', '', '41.00000000000000000', '64.00000000000000000'),
(227, 'Holy See (Vatican City State)', 'VA', '', '41.90000000000000000', '12.45000000000000000'),
(228, 'Saint Vincent and the Grenadines', 'VC', '', '13.25000000000000000', '-61.20000000000000000'),
(229, 'Venezuela', 'VE', '', '8.00000000000000000', '-66.00000000000000000'),
(230, 'Virgin Islands (VG)', 'VG', '', '18.50000000000000000', '-64.50000000000000000'),
(231, 'Virgin Islands (VI)', 'VI', '', '18.33000000000000000', '-64.83000000000000000'),
(232, 'Vietnam', 'VN', '', '16.00000000000000000', '106.00000000000000000'),
(233, 'Vanuatu', 'VU', '', '-16.00000000000000000', '167.00000000000000000'),
(234, 'Wallis and Futuna', 'WF', '', '-13.30000000000000000', '-176.20000000000000000'),
(235, 'Samoa', 'WS', '', '-13.58000000000000000', '-172.33000000000000000'),
(236, 'Yemen', 'YE', '', '15.00000000000000000', '48.00000000000000000'),
(237, 'Mayotte', 'YT', '', '-12.83000000000000000', '45.17000000000000000'),
(238, 'South Africa', 'ZA', '', '-29.00000000000000000', '24.00000000000000000'),
(239, 'Zambia', 'ZM', '', '-15.00000000000000000', '30.00000000000000000'),
(240, 'Zimbabwe', 'ZW', '', '-20.00000000000000000', '30.00000000000000000'),
(241, 'Uraine', NULL, '', '0.00000000000000000', '0.00000000000000000'),
(242, 'Tuscany', 'ITC', '', '43.41666666666666666', '11.00000000000000000'),
(243, 'Provence-Alpes-Cote d\'Azur', 'FR8', '', '43.70000000000000000', '7.25000000000000000'),
(244, 'California', 'US-CA', '', '32.53333333333333333', '-114.13333333333333333'),
(245, 'Caribbean', '', '', '14.52555555555555550', '-75.81833333333333333'),
(246, 'Alps', '', '', '46.00000000000000000', '10.00000000000000000');

-- --------------------------------------------------------

--
-- Структура таблицы `manufacturer`
--

CREATE TABLE `manufacturer` (
  `id` bigint(20) NOT NULL,
  `name` varchar(255) NOT NULL,
  `country_id` bigint(20) NOT NULL
) ENGINE=InnoDB DEFAULT CHARSET=utf8mb4 COLLATE=utf8mb4_general_ci;

--
-- Дамп данных таблицы `manufacturer`
--

INSERT INTO `manufacturer` (`id`, `name`, `country_id`) VALUES
(7, 'Disney Company', 224),
(8, 'Souvenirs World', 66),
(9, 'Poligrafic Souvenirs', 74),
(10, 'Bits&Bobs', 76),
(11, 'Lego Corporation', 224),
(12, 'Joanne Rowling Incorp.', 76);

-- --------------------------------------------------------

--
-- Структура таблицы `souvenir`
--

CREATE TABLE `souvenir` (
  `id` bigint(20) NOT NULL,
  `date_of_manufacturing` date DEFAULT NULL,
  `souvenir_name` varchar(255) NOT NULL,
  `souvenir_price` double DEFAULT NULL,
  `manufacturer_id` bigint(20) NOT NULL,
  `quantity` int(11) DEFAULT NULL
) ENGINE=InnoDB DEFAULT CHARSET=utf8mb4 COLLATE=utf8mb4_general_ci;

--
-- Дамп данных таблицы `souvenir`
--

INSERT INTO `souvenir` (`id`, `date_of_manufacturing`, `souvenir_name`, `souvenir_price`, `manufacturer_id`, `quantity`) VALUES
(4, '2022-10-25', 'Dart Weider', 14, 7, 2),
(5, '2000-01-01', 'St.Valentines Heart', 7, 8, 3),
(6, '2023-01-08', 'Luke Skywalker', 12, 7, 11),
(7, '1999-09-14', 'Android R2D2', 14, 7, 4),
(8, '2022-09-03', 'Lego Avatar', 22, 11, 8),
(9, '2001-05-01', 'Lego T-rex', 18, 11, 6),
(10, '2021-12-23', 'Christmas Tree Toy - Santa', 15, 8, 8),
(11, '2022-07-05', 'Postcard With Love', 2, 9, 12),
(12, '2021-12-15', 'Postcard Merry Christmas', 1.5, 9, 17),
(13, '2021-12-10', 'Postcard Happy New Year', 1.8, 9, 5),
(14, '2021-11-08', 'Bengal light', 1.2, 10, 6),
(15, '2022-12-07', 'Light Saber', 22, 7, 4),
(16, '2000-01-01', 'Laser Lighter', 4, 10, 5),
(17, '2022-11-10', 'Bengal light bigpack', 1.8, 10, 3),
(18, '2018-07-05', 'Postcard Happy Birthday', 1.7, 9, 8),
(19, '2020-06-03', 'Postcard St.Valentines Day', 2.1, 9, 11),
(20, '2016-06-15', 'Postcard To Mam With Love', 1.4, 9, 15),
(21, '2017-06-01', 'Harry Potter Souvenir Toy', 32, 12, 9),
(22, '2017-05-01', 'Dambldor Souvenir Toy', 28, 12, 7),
(23, '2018-03-22', 'Hagrid Souvenir Toy', 25.5, 12, 12),
(24, '2018-06-14', 'Severus Snape Souvenir Toy', 18, 12, 14),
(25, '2018-08-16', 'Germiona Souvenir Toy', 21, 12, 6),
(26, '2018-02-21', 'Ron Wisley Souvenir Toy', 17, 12, 4),
(27, '2019-12-12', 'Christmas Tree Toy - Blue Ball', 1.1, 8, 5),
(28, '2018-12-01', 'Christmas Tree Toy - Red Ball', 0.9, 8, 7),
(29, '2015-06-04', 'Keychain Two Hearts', 2.4, 10, 14),
(30, '2014-07-23', 'Keychain Harley Davidson', 3.2, 10, 17),
(31, '2016-11-24', 'Keychain Black Cat', 2.8, 10, 4);

--
-- Индексы сохранённых таблиц
--

--
-- Индексы таблицы `countries`
--
ALTER TABLE `countries`
  ADD PRIMARY KEY (`id`),
  ADD KEY `el_name` (`name`),
  ADD KEY `f930` (`code`);

--
-- Индексы таблицы `manufacturer`
--
ALTER TABLE `manufacturer`
  ADD PRIMARY KEY (`id`),
  ADD KEY `manufacturer_countries_id_fk` (`country_id`);

--
-- Индексы таблицы `souvenir`
--
ALTER TABLE `souvenir`
  ADD PRIMARY KEY (`id`),
  ADD KEY `FKkg9gudyi78bjnbxsl5ljuqji7` (`manufacturer_id`);

--
-- AUTO_INCREMENT для сохранённых таблиц
--

--
-- AUTO_INCREMENT для таблицы `manufacturer`
--
ALTER TABLE `manufacturer`
  MODIFY `id` bigint(20) NOT NULL AUTO_INCREMENT, AUTO_INCREMENT=17;

--
-- AUTO_INCREMENT для таблицы `souvenir`
--
ALTER TABLE `souvenir`
  MODIFY `id` bigint(20) NOT NULL AUTO_INCREMENT, AUTO_INCREMENT=38;

--
-- Ограничения внешнего ключа сохраненных таблиц
--

--
-- Ограничения внешнего ключа таблицы `manufacturer`
--
ALTER TABLE `manufacturer`
  ADD CONSTRAINT `FK1k5qlnjymgtisckkjw0bipi6x` FOREIGN KEY (`country_id`) REFERENCES `countries` (`id`),
  ADD CONSTRAINT `manufacturer_countries_id_fk` FOREIGN KEY (`country_id`) REFERENCES `countries` (`id`);

--
-- Ограничения внешнего ключа таблицы `souvenir`
--
ALTER TABLE `souvenir`
  ADD CONSTRAINT `FKkg9gudyi78bjnbxsl5ljuqji7` FOREIGN KEY (`manufacturer_id`) REFERENCES `manufacturer` (`id`);
COMMIT;

/*!40101 SET CHARACTER_SET_CLIENT=@OLD_CHARACTER_SET_CLIENT */;
/*!40101 SET CHARACTER_SET_RESULTS=@OLD_CHARACTER_SET_RESULTS */;
/*!40101 SET COLLATION_CONNECTION=@OLD_COLLATION_CONNECTION */;
